Priority Tier,Publishing Order,Blog Title,Primary Keyword,Supporting Keywords,Search Intent,Why It Works,Target Word Count,CTA / Service Page Link
Tier 1 - Highest Priority,1,What Is an Individual Therapy Intensive — And Is It Right for You?,individual therapy intensive,"therapy intensive near me, accelerated therapy, intensive therapy St. Petersburg FL, individual intensive counseling",Informational → Commercial (decision-stage),You offer this service. Almost no local or national competitor has a blog post targeting individual (not couples) intensives. Buyer is actively researching before booking.,1500,Link to Intensives service page
Tier 1 - Highest Priority,3,Couples Therapy Intensive vs. Weekly Sessions: How to Know Which Is Right for You,couples therapy intensive,"couples therapy intensive St. Petersburg, intensive vs weekly couples therapy, marriage intensive Florida, how does couples therapy intensive work",Commercial (comparison/decision),Nationally searched comparison with weak local coverage. Buyers asking this question are close to booking.,1600,Link to Couples Therapy + Intensives pages
Tier 1 - Highest Priority,12,How to Know You're Ready for More Than Weekly Therapy,therapy intensive near me,"when to try therapy intensive, is weekly therapy enough, accelerated therapy Florida, therapy for faster results",Informational → BOFU,Targets people already in therapy who feel stuck — a pre-conversion audience for your intensives. No competitor addresses this locally.,1400,Link to Intensives service page
Tier 1 - Highest Priority,6,Affordable Therapy in St. Petersburg FL: What You Need to Know Before You Start,affordable therapy St. Petersburg FL,"low cost therapy Pinellas County, sliding scale therapy St. Pete, how to find affordable therapist Florida",Informational + Commercial,Supports existing /affordable-therapy landing page. Blog drives organic traffic and internal links. No competitor is blogging this angle.,1200,Link to /affordable-therapy page
Tier 2 - Authority Builders,2,How to Find the Right Therapist in St. Petersburg FL (A Step-by-Step Guide),therapist St. Petersburg FL,"how to find a therapist near me, choosing a therapist St. Pete, best therapist St. Petersburg, therapist Pinellas County",Informational (strong local commercial signal),High local search volume. Positions your practice as trusted guide — and the answer. Strong internal linking hub for all service pages.,1500,Link to all service pages
Tier 2 - Authority Builders,4,What to Expect in Your First Therapy Session at Sunshine City Counseling,what to expect in therapy,"first therapy session, what happens in counseling, starting therapy for the first time, therapy intake session",Informational (pre-booking / anxiety-reduction),One of the most searched therapy questions nationally. Locally branded version lowers barrier to booking. Supports conversion not just traffic.,1300,Link to Contact / Book Now page
Tier 2 - Authority Builders,5,Anxiety in Relationships: When It's Time to Consider Couples Therapy,anxiety in relationships,"couples therapy for anxiety, relationship anxiety St. Petersburg, anxiety affecting my marriage, couples counseling for anxious attachment",Informational → Commercial,Bridges individual and couples therapy service lines. Competitor (Wellness Psych) has one thin post — can be outranked with more depth.,1600,Link to Individual Therapy + Couples Therapy pages
Tier 2 - Authority Builders,7,How Long Does Couples Therapy Take? A St. Petersburg Therapist Explains,how long does couples therapy take,"couples therapy timeline, how many sessions of couples counseling, couples therapy results, marriage counseling how long",Informational (pre-booking research),Nationally searched buyer-intent question. No St. Pete therapist has answered it with a locally branded post. Builds trust and manages expectations.,1400,Link to Couples Therapy page
Tier 2 - Authority Builders,8,Is Couples Therapy Worth It? What the Research (and Real Clients) Say,is couples therapy worth it,"does couples counseling work, couples therapy success rate, marriage counseling effectiveness, when to try couples therapy",Informational → Commercial (skeptic audience),Targets the hesitant partner — often the one blocking the booking. Evidence-based framing builds authority and earns backlinks.,1500,Link to Couples Therapy page
Tier 3 - Long-Game Traffic,9,7 Signs You Might Benefit from Therapy (Even If Your Life Looks Fine on the Outside),signs I need therapy,"do I need a therapist, when to seek therapy, am I depressed, signs of anxiety needing help",Informational (awareness stage),Extremely high national search volume. Locally relatable framing makes it click-worthy without being clickbait.,1200,Link to Individual Therapy page
Tier 3 - Long-Game Traffic,10,Pre-Marital Counseling in St. Petersburg FL: What Engaged Couples Should Know,pre-marital counseling St. Petersburg FL,"premarital therapy Florida, couples counseling before marriage, engaged couples therapy St. Pete, marriage preparation counseling",Commercial (local),Specific life event with strong purchase intent. Underserved keyword locally. Natural gateway into couples therapy service.,1300,Link to Couples Therapy page
Tier 3 - Long-Game Traffic,11,Therapy for Burnout: How to Know When Stress Has Become Something More,therapy for burnout,"burnout therapist St. Petersburg, stress vs burnout, individual therapy for burnout, mental health burnout Florida",Informational → Commercial,Post-pandemic burnout is a persistent top search. Feeds individual therapy service line. Very few local competitors have this keyword.,1400,Link to Individual Therapy page
